<configuration>

    <appender name="STDOUT" class="ch.qos.logback.core.ConsoleAppender">
        <withJansi>true</withJansi>
        <!-- encoders are assigned the type
             ch.qos.logback.classic.encoder.PatternLayoutEncoder by default -->
        <encoder>
            <pattern>%cyan(%d{HH:mm:ss.SSS}) %gray([%thread]) %highlight(%-5level) %magenta(%logger{36}) - %msg%n</pattern>
        </encoder>
    </appender>

    <root level="info">
        <appender-ref ref="STDOUT" />
    </root>

    <logger name="io.micronaut.objectstorage" level="DEBUG"/>
    <logger name="io.micronaut.gcp" level="DEBUG"/>
    <logger name="com.google.cloud" level="DEBUG"/>
    <logger name="org.testcontainers" level="WARN"/>
</configuration>
